{"cameraMode":{"drawMode":0,"name":"Shaded","section":"Shading Mode"},"sceneLighting":true,"audioPlay":false,"sceneViewState":{"m_AlwaysRefresh":false,"showFog":true,"showSkybox":false,"showFlares":true,"showImageEffects":true,"showParticleSystems":true,"showVisualEffectGraphs":true,"m_FxEnabled":true},"in2DMode":false,"pivot":{"x":522.7276000976563,"y":1015.1754760742188,"z":-981.8155517578125},"rotation":{"x":-0.07781600952148438,"y":0.05232805013656616,"z":-0.004080289509147406,"w":-0.9956163167953491},"size":11.542116165161133,"orthographic":false}